{"cameraMode":{"drawMode":0,"name":"Shaded","section":"Shading Mode"},"sceneLighting":true,"audioPlay":false,"sceneViewState":{"showFog":true,"showMaterialUpdate":false,"showSkybox":true,"showFlares":true,"showImageEffects":true,"showParticleSystems":true},"in2DMode":false,"pivot":{"x":-12.507072448730469,"y":17.735118865966798,"z":-26.44827651977539},"rotation":{"x":0.06571995466947556,"y":-0.5034784078598023,"z":-0.039119310677051547,"w":-0.8607628345489502},"size":22.0,"orthographic":false}