{"cameraMode":{"drawMode":0,"name":"Shaded","section":"Shading Mode"},"sceneLighting":false,"audioPlay":false,"sceneViewState":{"showFog":true,"showMaterialUpdate":false,"showSkybox":false,"showFlares":true,"showImageEffects":true,"showParticleSystems":true},"in2DMode":false,"pivot":{"x":8.80828857421875,"y":11.589621543884278,"z":-24.39164161682129},"rotation":{"x":-0.1092502698302269,"y":-0.16752614080905915,"z":0.018124528229236604,"w":-0.9797524213790894},"size":4.041658401489258,"orthographic":false}