{"cameraMode":{"drawMode":0,"name":"Shaded","section":"Shading Mode"},"sceneLighting":false,"audioPlay":false,"sceneViewState":{"showFog":true,"showMaterialUpdate":false,"showSkybox":false,"showFlares":true,"showImageEffects":true,"showParticleSystems":true},"in2DMode":false,"pivot":{"x":-0.19870400428771974,"y":0.9581685066223145,"z":0.09348547458648682},"rotation":{"x":0.11601940542459488,"y":0.8584474921226502,"z":-0.22268402576446534,"w":0.4472459554672241},"size":1.2247449159622193,"orthographic":false}