{"cameraMode":{"drawMode":0,"name":"Shaded","section":"Shading Mode"},"sceneLighting":false,"audioPlay":false,"sceneViewState":{"showFog":true,"showMaterialUpdate":false,"showSkybox":false,"showFlares":true,"showImageEffects":true,"showParticleSystems":true},"in2DMode":false,"pivot":{"x":-0.9760832786560059,"y":1.412017583847046,"z":-1.2633137702941895},"rotation":{"x":0.2522905766963959,"y":0.04352225363254547,"z":-0.011357642710208893,"w":0.966609537601471},"size":1.2247449159622193,"orthographic":false}