{"cameraMode":{"drawMode":0,"name":"Shaded","section":"Shading Mode"},"sceneLighting":true,"audioPlay":false,"sceneViewState":{"showFog":true,"showMaterialUpdate":false,"showSkybox":true,"showFlares":true,"showImageEffects":true,"showParticleSystems":true},"in2DMode":false,"pivot":{"x":5.924840450286865,"y":-5.716325759887695,"z":-1.1709861755371094},"rotation":{"x":0.28634604811668398,"y":-0.11290795356035233,"z":0.03400101885199547,"w":0.9508482217788696},"size":14.151310920715332,"orthographic":false}